,title,link
0,Quiz: Hội bạn thân đánh giá toàn diện thế nào về bạn?,https://ngoisao.vnexpress.net/quiz-hoi-ban-than-danh-gia-toan-dien-the-nao-ve-ban-4593204.html
1,12 cung hoàng đạo: Thứ Bảy 15/4,https://ngoisao.vnexpress.net/12-cung-hoang-dao-thu-bay-15-4-4592034.html
2,Tarot: Tình trạng của bạn hiện tại có ổn không?,https://ngoisao.vnexpress.net/tarot-tinh-trang-cua-ban-hien-tai-co-on-khong-4593226.html
3,Quiz: Phân loại tính cách qua gu thời trang,https://ngoisao.vnexpress.net/quiz-phan-loai-tinh-cach-qua-gu-thoi-trang-4593225.html
4,Quiz: Điều gì ở bạn dễ gây thương nhớ cho người khác?,https://ngoisao.vnexpress.net/quiz-dieu-gi-o-ban-de-gay-thuong-nho-cho-nguoi-khac-4593194.html
5,12 cung hoàng đạo: Thứ Sáu 14/4,https://ngoisao.vnexpress.net/12-cung-hoang-dao-thu-sau-14-4-4592038.html
6,Vì sao 12 cung hoàng đạo tỏ ra lạnh lùng với người mình thích?,https://ngoisao.vnexpress.net/vi-sao-12-cung-hoang-dao-to-ra-lanh-lung-voi-nguoi-minh-thich-4592933.html
7,Bài tây: Chuyện gì ở quá khứ vẫn ám ảnh bạn?,https://ngoisao.vnexpress.net/bai-tay-chuyen-gi-o-qua-khu-van-am-anh-ban-4591698.html
8,Quiz: 6 bí mật 'chấn động' về bạn khi yêu,https://ngoisao.vnexpress.net/quiz-6-bi-mat-chan-dong-ve-ban-khi-yeu-4591697.html
9,"Quiz: Mới gặp lần đầu, bạn dễ khiến người ta yêu hay ghét?",https://ngoisao.vnexpress.net/quiz-moi-gap-lan-dau-ban-de-khien-nguoi-ta-yeu-hay-ghet-4591696.html
10,12 cung hoàng đạo: Thứ Năm 13/4,https://ngoisao.vnexpress.net/12-cung-hoang-dao-thu-nam-13-4-4592044.html
11,Tarot: Điều gì ở bạn khiến người khác 'u mê không lối thoát'?,https://ngoisao.vnexpress.net/tarot-dieu-gi-o-ban-khien-nguoi-khac-u-me-khong-loi-thoat-4591695.html
12,Quiz: Tương lai nào cho mối quan hệ giữa bạn và người mình thích?,https://ngoisao.vnexpress.net/quiz-tuong-lai-nao-cho-moi-quan-he-giua-ban-va-nguoi-minh-thich-4591694.html
13,Quiz: Bạn có phải người tiêu tiền thông minh?,https://ngoisao.vnexpress.net/quiz-ban-co-phai-nguoi-tieu-tien-thong-minh-4591693.html
14,Tarot: Bạn như thế nào trong tâm trí người mình thích?,https://ngoisao.vnexpress.net/tarot-ban-nhu-the-nao-trong-tam-tri-nguoi-minh-thich-4591702.html
15,10 tư thế đi bộ nhìn thấu tính cách của bạn,https://ngoisao.vnexpress.net/10-tu-the-di-bo-nhin-thau-tinh-cach-cua-ban-4592143.html
16,12 cung hoàng đạo: Thứ Tư 12/4,https://ngoisao.vnexpress.net/12-cung-hoang-dao-thu-tu-12-4-4592043.html
17,Quiz: Tìm từ khóa làm nên thương hiệu của bạn,https://ngoisao.vnexpress.net/quiz-tim-tu-khoa-lam-nen-thuong-hieu-cua-ban-4591701.html
18,Nhược điểm của 12 cung hoàng đạo,https://ngoisao.vnexpress.net/nhuoc-diem-cua-12-cung-hoang-dao-4592009.html
19,12 cung hoàng đạo: Thứ Ba 11/4,https://ngoisao.vnexpress.net/12-cung-hoang-dao-thu-ba-11-4-4588895.html
20,Quiz: Năng lực đặc biệt của bạn là gì?,https://ngoisao.vnexpress.net/quiz-nang-luc-dac-biet-cua-ban-la-gi-4591700.html
21,12 cung hoàng đạo kỳ vọng gì ở bạn đời?,https://ngoisao.vnexpress.net/12-cung-hoang-dao-ky-vong-gi-o-ban-doi-4591556.html
22,12 cung hoàng đạo: Tuần 10/4 - 16/4,https://ngoisao.vnexpress.net/12-cung-hoang-dao-tuan-10-4-16-4-4588896.html
23,12 cung hoàng đạo: Thứ Hai 10/4,https://ngoisao.vnexpress.net/12-cung-hoang-dao-thu-hai-10-4-4588898.html
24,Tarot: Ai là người có tác động lớn nhất tới cuộc đời bạn?,https://ngoisao.vnexpress.net/tarot-ai-la-nguoi-co-tac-dong-lon-nhat-toi-cuoc-doi-ban-4591060.html
25,Đường vân cổ tay cho biết bạn có dễ bị 'lừa tình' không,https://ngoisao.vnexpress.net/duong-van-co-tay-cho-biet-ban-co-de-bi-lua-tinh-khong-4591267.html
26,Quiz: Nhìn trúng bản chất của bạn chỉ bằng một điều ước,https://ngoisao.vnexpress.net/quiz-nhin-trung-ban-chat-cua-ban-chi-bang-mot-dieu-uoc-4591266.html
27,12 cung hoàng đạo: Chủ nhật 9/4,https://ngoisao.vnexpress.net/12-cung-hoang-dao-chu-nhat-9-4-4588903.html
28,"Tarot: Xét chỉ số thu hút người khác giới, bạn được chấm bao nhiêu điểm?",https://ngoisao.vnexpress.net/tarot-xet-chi-so-thu-hut-nguoi-khac-gioi-ban-duoc-cham-bao-nhieu-diem-4591059.html
29,Quiz: 'Gu' tình yêu của bạn thế nào?,https://ngoisao.vnexpress.net/quiz-gu-tinh-yeu-cua-ban-the-nao-4589227.html
30,Quiz: Bạn có khác xa so với những gì người ta tưởng không?,https://ngoisao.vnexpress.net/quiz-ban-co-khac-xa-so-voi-nhung-gi-nguoi-ta-tuong-khong-4589667.html
31,12 cung hoàng đạo: Thứ Bảy 8/4,https://ngoisao.vnexpress.net/12-cung-hoang-dao-thu-bay-8-4-4588902.html
32,Tarot: Bạn có khả năng bị rối loạn ám ảnh không?,https://ngoisao.vnexpress.net/tarot-ban-co-kha-nang-bi-roi-loan-am-anh-khong-4589666.html
33,Quiz: Bạn có phải người 'thị phi' không?,https://ngoisao.vnexpress.net/quiz-ban-co-phai-nguoi-thi-phi-khong-4589665.html
34,"Quiz: Trước khi mùa đông đến, bạn sẽ trải qua 'chấn động tinh thần' nào?",https://ngoisao.vnexpress.net/quiz-truoc-khi-mua-dong-den-ban-se-trai-qua-chan-dong-tinh-than-nao-4589664.html
35,12 cung hoàng đạo: Thứ Sáu 7/4,https://ngoisao.vnexpress.net/12-cung-hoang-dao-thu-sau-7-4-4588901.html
36,Quiz: Hội bạn thân đánh giá toàn diện thế nào về bạn?,https://ngoisao.vnexpress.net/quiz-hoi-ban-than-danh-gia-toan-dien-the-nao-ve-ban-4593204.html
37,12 cung hoàng đạo: Thứ Bảy 15/4,https://ngoisao.vnexpress.net/12-cung-hoang-dao-thu-bay-15-4-4592034.html
38,Tarot: Tình trạng của bạn hiện tại có ổn không?,https://ngoisao.vnexpress.net/tarot-tinh-trang-cua-ban-hien-tai-co-on-khong-4593226.html
39,Quiz: Phân loại tính cách qua gu thời trang,https://ngoisao.vnexpress.net/quiz-phan-loai-tinh-cach-qua-gu-thoi-trang-4593225.html
40,Quiz: Điều gì ở bạn dễ gây thương nhớ cho người khác?,https://ngoisao.vnexpress.net/quiz-dieu-gi-o-ban-de-gay-thuong-nho-cho-nguoi-khac-4593194.html
41,12 cung hoàng đạo: Thứ Sáu 14/4,https://ngoisao.vnexpress.net/12-cung-hoang-dao-thu-sau-14-4-4592038.html
42,Vì sao 12 cung hoàng đạo tỏ ra lạnh lùng với người mình thích?,https://ngoisao.vnexpress.net/vi-sao-12-cung-hoang-dao-to-ra-lanh-lung-voi-nguoi-minh-thich-4592933.html
43,Bài tây: Chuyện gì ở quá khứ vẫn ám ảnh bạn?,https://ngoisao.vnexpress.net/bai-tay-chuyen-gi-o-qua-khu-van-am-anh-ban-4591698.html
44,Quiz: 6 bí mật 'chấn động' về bạn khi yêu,https://ngoisao.vnexpress.net/quiz-6-bi-mat-chan-dong-ve-ban-khi-yeu-4591697.html
45,"Quiz: Mới gặp lần đầu, bạn dễ khiến người ta yêu hay ghét?",https://ngoisao.vnexpress.net/quiz-moi-gap-lan-dau-ban-de-khien-nguoi-ta-yeu-hay-ghet-4591696.html
46,12 cung hoàng đạo: Thứ Năm 13/4,https://ngoisao.vnexpress.net/12-cung-hoang-dao-thu-nam-13-4-4592044.html
47,Tarot: Điều gì ở bạn khiến người khác 'u mê không lối thoát'?,https://ngoisao.vnexpress.net/tarot-dieu-gi-o-ban-khien-nguoi-khac-u-me-khong-loi-thoat-4591695.html
48,Quiz: Tương lai nào cho mối quan hệ giữa bạn và người mình thích?,https://ngoisao.vnexpress.net/quiz-tuong-lai-nao-cho-moi-quan-he-giua-ban-va-nguoi-minh-thich-4591694.html
49,Quiz: Bạn có phải người tiêu tiền thông minh?,https://ngoisao.vnexpress.net/quiz-ban-co-phai-nguoi-tieu-tien-thong-minh-4591693.html
50,Tarot: Bạn như thế nào trong tâm trí người mình thích?,https://ngoisao.vnexpress.net/tarot-ban-nhu-the-nao-trong-tam-tri-nguoi-minh-thich-4591702.html
51,10 tư thế đi bộ nhìn thấu tính cách của bạn,https://ngoisao.vnexpress.net/10-tu-the-di-bo-nhin-thau-tinh-cach-cua-ban-4592143.html
52,12 cung hoàng đạo: Thứ Tư 12/4,https://ngoisao.vnexpress.net/12-cung-hoang-dao-thu-tu-12-4-4592043.html
53,Quiz: Tìm từ khóa làm nên thương hiệu của bạn,https://ngoisao.vnexpress.net/quiz-tim-tu-khoa-lam-nen-thuong-hieu-cua-ban-4591701.html
54,Nhược điểm của 12 cung hoàng đạo,https://ngoisao.vnexpress.net/nhuoc-diem-cua-12-cung-hoang-dao-4592009.html
55,12 cung hoàng đạo: Thứ Ba 11/4,https://ngoisao.vnexpress.net/12-cung-hoang-dao-thu-ba-11-4-4588895.html
56,Quiz: Năng lực đặc biệt của bạn là gì?,https://ngoisao.vnexpress.net/quiz-nang-luc-dac-biet-cua-ban-la-gi-4591700.html
57,12 cung hoàng đạo kỳ vọng gì ở bạn đời?,https://ngoisao.vnexpress.net/12-cung-hoang-dao-ky-vong-gi-o-ban-doi-4591556.html
58,12 cung hoàng đạo: Tuần 10/4 - 16/4,https://ngoisao.vnexpress.net/12-cung-hoang-dao-tuan-10-4-16-4-4588896.html
59,12 cung hoàng đạo: Thứ Hai 10/4,https://ngoisao.vnexpress.net/12-cung-hoang-dao-thu-hai-10-4-4588898.html
60,Tarot: Ai là người có tác động lớn nhất tới cuộc đời bạn?,https://ngoisao.vnexpress.net/tarot-ai-la-nguoi-co-tac-dong-lon-nhat-toi-cuoc-doi-ban-4591060.html
61,Đường vân cổ tay cho biết bạn có dễ bị 'lừa tình' không,https://ngoisao.vnexpress.net/duong-van-co-tay-cho-biet-ban-co-de-bi-lua-tinh-khong-4591267.html
62,Quiz: Nhìn trúng bản chất của bạn chỉ bằng một điều ước,https://ngoisao.vnexpress.net/quiz-nhin-trung-ban-chat-cua-ban-chi-bang-mot-dieu-uoc-4591266.html
63,12 cung hoàng đạo: Chủ nhật 9/4,https://ngoisao.vnexpress.net/12-cung-hoang-dao-chu-nhat-9-4-4588903.html
64,"Tarot: Xét chỉ số thu hút người khác giới, bạn được chấm bao nhiêu điểm?",https://ngoisao.vnexpress.net/tarot-xet-chi-so-thu-hut-nguoi-khac-gioi-ban-duoc-cham-bao-nhieu-diem-4591059.html
65,Quiz: 'Gu' tình yêu của bạn thế nào?,https://ngoisao.vnexpress.net/quiz-gu-tinh-yeu-cua-ban-the-nao-4589227.html
66,Quiz: Bạn có khác xa so với những gì người ta tưởng không?,https://ngoisao.vnexpress.net/quiz-ban-co-khac-xa-so-voi-nhung-gi-nguoi-ta-tuong-khong-4589667.html
67,12 cung hoàng đạo: Thứ Bảy 8/4,https://ngoisao.vnexpress.net/12-cung-hoang-dao-thu-bay-8-4-4588902.html
68,Tarot: Bạn có khả năng bị rối loạn ám ảnh không?,https://ngoisao.vnexpress.net/tarot-ban-co-kha-nang-bi-roi-loan-am-anh-khong-4589666.html
69,Quiz: Bạn có phải người 'thị phi' không?,https://ngoisao.vnexpress.net/quiz-ban-co-phai-nguoi-thi-phi-khong-4589665.html
70,"Quiz: Trước khi mùa đông đến, bạn sẽ trải qua 'chấn động tinh thần' nào?",https://ngoisao.vnexpress.net/quiz-truoc-khi-mua-dong-den-ban-se-trai-qua-chan-dong-tinh-than-nao-4589664.html
71,12 cung hoàng đạo: Thứ Sáu 7/4,https://ngoisao.vnexpress.net/12-cung-hoang-dao-thu-sau-7-4-4588901.html
72,Bài tây: Bạn được định sẵn số phận như thế nào?,https://ngoisao.vnexpress.net/bai-tay-ban-duoc-dinh-san-so-phan-nhu-the-nao-4589673.html
73,Quiz: Người khác ao ước có được đặc điểm nào của bạn?,https://ngoisao.vnexpress.net/quiz-nguoi-khac-ao-uoc-co-duoc-dac-diem-nao-cua-ban-4589671.html
74,Quiz: Bạn có nét 'duyên ngầm' không?,https://ngoisao.vnexpress.net/quiz-ban-co-net-duyen-ngam-khong-4589668.html
75,12 cung hoàng đạo: Thứ Tư 5/4,https://ngoisao.vnexpress.net/12-cung-hoang-dao-thu-tu-5-4-4589407.html
76,Tarot: Mọi người nghĩ bạn 'thảo mai' như thế nào?,https://ngoisao.vnexpress.net/tarot-moi-nguoi-nghi-ban-thao-mai-nhu-the-nao-4589226.html
77,Quiz: Ba từ mô tả về chồng tương lai của bạn,https://ngoisao.vnexpress.net/quiz-ba-tu-mo-ta-ve-chong-tuong-lai-cua-ban-4588444.html
78,"Quiz: Ba tháng tới, lĩnh vực nào của bạn gặp sóng gió?",https://ngoisao.vnexpress.net/quiz-ba-thang-toi-linh-vuc-nao-cua-ban-gap-song-gio-4588445.html
79,"Bài tây: Cả đời này, ai sẽ là người bạn không thể nào quên?",https://ngoisao.vnexpress.net/bai-tay-ca-doi-nay-ai-se-la-nguoi-ban-khong-the-nao-quen-4588443.html
80,12 cung hoàng đạo: Thứ Ba 4/4,https://ngoisao.vnexpress.net/12-cung-hoang-dao-thu-ba-4-4-4588899.html
81,"Quiz: Nếu là một loại trái cây, bạn sẽ mang vị chua hay ngọt?",https://ngoisao.vnexpress.net/quiz-neu-la-mot-loai-trai-cay-ban-se-mang-vi-chua-hay-ngot-4588452.html
82,12 cung hoàng đạo: Tuần 3/4 - 9/4,https://ngoisao.vnexpress.net/12-cung-hoang-dao-tuan-3-4-9-4-4588649.html
83,12 cung hoàng đạo: Thứ Hai 3/4,https://ngoisao.vnexpress.net/12-cung-hoang-dao-thu-hai-3-4-4588469.html
84,Tarot: Cuộc tình hiện tại của bạn chỉ là nhất thời hay khắc cốt ghi tâm?,https://ngoisao.vnexpress.net/tarot-cuoc-tinh-hien-tai-cua-ban-chi-la-nhat-thoi-hay-khac-cot-ghi-tam-4588451.html
85,Quiz: Vận đào hoa tháng 4 của bạn thăng hay trầm?,https://ngoisao.vnexpress.net/quiz-van-dao-hoa-thang-4-cua-ban-thang-hay-tram-4588450.html
86,Quiz: Điều bất ngờ gì sắp xảy đến với bạn trong vài tháng tới?,https://ngoisao.vnexpress.net/quiz-dieu-bat-ngo-gi-sap-xay-den-voi-ban-trong-vai-thang-toi-4588447.html
87,12 cung hoàng đạo: Chủ nhật 2/4,https://ngoisao.vnexpress.net/12-cung-hoang-dao-chu-nhat-2-4-4588199.html
88,Quiz: Bạn là thú dữ hay 'thú nhồi bông' khi yêu?,https://ngoisao.vnexpress.net/quiz-ban-la-thu-du-hay-thu-nhoi-bong-khi-yeu-4587865.html
89,"Quiz: Trong một cuộc tình, bạn có hay phải chịu thiệt thòi hơn?",https://ngoisao.vnexpress.net/quiz-trong-mot-cuoc-tinh-ban-co-hay-phai-chiu-thiet-thoi-hon-4587925.html
90,12 cung hoàng đạo: Dự đoán tháng 4,https://ngoisao.vnexpress.net/12-cung-hoang-dao-du-doan-thang-4-4587430.html
91,"Video Tarot: Mọi người bàn tán gì về tính cách, vẻ ngoài, cuộc sống của bạn?",https://ngoisao.vnexpress.net/video-tarot-moi-nguoi-ban-tan-gi-ve-tinh-cach-ve-ngoai-cuoc-song-cua-ban-4587950.html
92,Tarot: Bạn có hay làm mếch lòng người khác không?,https://ngoisao.vnexpress.net/tarot-ban-co-hay-lam-mech-long-nguoi-khac-khong-4587924.html
93,12 cung hoàng đạo: Thứ Bảy 1/4,https://ngoisao.vnexpress.net/12-cung-hoang-dao-thu-bay-1-4-4587429.html
94,Quiz: Mọi người khen ngợi bạn những gì?,https://ngoisao.vnexpress.net/quiz-moi-nguoi-khen-ngoi-ban-nhung-gi-4587910.html
95,Quiz: Vì sao đường tình của bạn hẩm hiu?,https://ngoisao.vnexpress.net/quiz-vi-sao-duong-tinh-cua-ban-ham-hiu-4585980.html
96,12 cung hoàng đạo: Thứ Sáu 31/3,https://ngoisao.vnexpress.net/12-cung-hoang-dao-thu-sau-31-3-4587435.html
97,Tarot: Bạn có tố chất trở thành 'người vợ quốc dân' không?,https://ngoisao.vnexpress.net/tarot-ban-co-to-chat-tro-thanh-nguoi-vo-quoc-dan-khong-4585979.html
98,Quiz: Sếp và đồng nghiệp đánh giá sao về năng lực làm việc của bạn?,https://ngoisao.vnexpress.net/quiz-sep-va-dong-nghiep-danh-gia-sao-ve-nang-luc-lam-viec-cua-ban-4585978.html
99,Quiz: Người yêu cũ nhớ bạn nhiều nhất vào lúc nào?,https://ngoisao.vnexpress.net/quiz-nguoi-yeu-cu-nho-ban-nhieu-nhat-vao-luc-nao-4585977.html
100,12 cung hoàng đạo: Thứ Năm 30/3,https://ngoisao.vnexpress.net/12-cung-hoang-dao-thu-nam-30-3-4581146.html
101,"Quiz: Với crush, bạn đơn giản chỉ là bạn bè hay hơn thế?",https://ngoisao.vnexpress.net/quiz-voi-crush-ban-don-gian-chi-la-ban-be-hay-hon-the-4585976.html
102,Quiz: Bạn có khả năng 'lật ngược ván cờ' đời mình không?,https://ngoisao.vnexpress.net/quiz-ban-co-kha-nang-lat-nguoc-van-co-doi-minh-khong-4585975.html
103,Tarot: Hình tượng của bạn trong những năm tới đây,https://ngoisao.vnexpress.net/tarot-hinh-tuong-cua-ban-trong-nhung-nam-toi-day-4586422.html
104,12 cung hoàng đạo: Thứ Tư 29/3,https://ngoisao.vnexpress.net/12-cung-hoang-dao-thu-tu-29-3-4581145.html
105,Quiz: Người bạn thích mô tả bạn thế nào khi nói chuyện với ai đó?,https://ngoisao.vnexpress.net/quiz-nguoi-ban-thich-mo-ta-ban-the-nao-khi-noi-chuyen-voi-ai-do-4585983.html
106,Quiz: Bạn có phải người tài sắc vẹn toàn?,https://ngoisao.vnexpress.net/quiz-ban-co-phai-nguoi-tai-sac-ven-toan-4585982.html
107,5 cung hoàng đạo sẽ chọn tình thay vì tiền,https://ngoisao.vnexpress.net/5-cung-hoang-dao-se-chon-tinh-thay-vi-tien-4585940.html
108,12 cung hoàng đạo: Tuần 27/3 - 2/4,https://ngoisao.vnexpress.net/12-cung-hoang-dao-tuan-27-3-2-4-4583691.html
109,12 cung hoàng đạo: Thứ Hai 27/3,https://ngoisao.vnexpress.net/12-cung-hoang-dao-thu-hai-27-3-4583693.html
110,Bài tây: Món nợ lớn nhất ở tiền kiếp bạn phải trả trong kiếp này là gì?,https://ngoisao.vnexpress.net/bai-tay-mon-no-lon-nhat-o-tien-kiep-ban-phai-tra-trong-kiep-nay-la-gi-4585582.html
111,Quiz: Tiết lộ một điểm siêu hấp dẫn ở bạn,https://ngoisao.vnexpress.net/quiz-tiet-lo-mot-diem-sieu-hap-dan-o-ban-4584630.html
112,Quiz: Vận tài lộc tháng 4 của bạn nở hoa hay bế tắc?,https://ngoisao.vnexpress.net/quiz-van-tai-loc-thang-4-cua-ban-no-hoa-hay-be-tac-4584629.html
113,Tarot: Bạn khô như ngói hay mặn như muối biển?,https://ngoisao.vnexpress.net/tarot-ban-kho-nhu-ngoi-hay-man-nhu-muoi-bien-4584628.html
114,12 cung hoàng đạo: Chủ nhật 26/3,https://ngoisao.vnexpress.net/12-cung-hoang-dao-chu-nhat-26-3-4583700.html
115,"Quiz: Hiện tại, có bao nhiêu người thực sự tốt với bạn?",https://ngoisao.vnexpress.net/quiz-hien-tai-co-bao-nhieu-nguoi-thuc-su-tot-voi-ban-4584627.html
116,Quiz: Dấu hiệu nào cho thấy bạn gặp được định mệnh đời mình?,https://ngoisao.vnexpress.net/quiz-dau-hieu-nao-cho-thay-ban-gap-duoc-dinh-menh-doi-minh-4584636.html
117,Video Tarot: Điều thầm kín người ấy muốn gửi tới bạn mà không thể nói ra,https://ngoisao.vnexpress.net/video-tarot-dieu-tham-kin-nguoi-ay-muon-gui-toi-ban-ma-khong-the-noi-ra-4585110.html
118,12 cung hoàng đạo: Thứ Bảy 25/3,https://ngoisao.vnexpress.net/12-cung-hoang-dao-thu-bay-25-3-4583699.html
119,Quiz: Kiểu người nào thường bị bạn thu hút?,https://ngoisao.vnexpress.net/quiz-kieu-nguoi-nao-thuong-bi-ban-thu-hut-4584635.html
120,Quiz: Bạn đang xây dựng hình ảnh cá nhân đẹp hay xấu?,https://ngoisao.vnexpress.net/quiz-ban-dang-xay-dung-hinh-anh-ca-nhan-dep-hay-xau-4584634.html
121,"Bài tây: Bạn và vợ, chồng mình kiếp trước có mối quan hệ gì?",https://ngoisao.vnexpress.net/bai-tay-ban-va-vo-chong-minh-kiep-truoc-co-moi-quan-he-gi-4584633.html
122,12 cung hoàng đạo: Thứ Sáu 24/3,https://ngoisao.vnexpress.net/12-cung-hoang-dao-thu-sau-24-3-4583698.html
123,"Quiz: Sau 50 tuổi, liệu bạn có trở thành đại gia?",https://ngoisao.vnexpress.net/quiz-sau-50-tuoi-lieu-ban-co-tro-thanh-dai-gia-4584632.html
124,Quiz: Vì sao bạn khó có bạn thân?,https://ngoisao.vnexpress.net/quiz-vi-sao-ban-kho-co-ban-than-4578168.html
125,"Bài Tây: Năm nay, bạn sẽ yêu người thuộc cung hoàng đạo nào?",https://ngoisao.vnexpress.net/bai-tay-nam-nay-ban-se-yeu-nguoi-thuoc-cung-hoang-dao-nao-4581208.html
126,12 cung hoàng đạo: Thứ Năm 23/3,https://ngoisao.vnexpress.net/12-cung-hoang-dao-thu-nam-23-3-4583696.html
127,Tarot: Khả năng sinh tồn của bạn thế nào nếu là nhân vật phim cung đấu?,https://ngoisao.vnexpress.net/tarot-kha-nang-sinh-ton-cua-ban-the-nao-neu-la-nhan-vat-phim-cung-dau-4581206.html
128,"Quiz: Kết hôn, sinh con xong, bạn sẽ đẹp hơn hay xấu đi?",https://ngoisao.vnexpress.net/quiz-ket-hon-sinh-con-xong-ban-se-dep-hon-hay-xau-di-4581623.html
129,Kết hôn với 5 anh chàng hoàng đạo này có thể khiến bạn 'vỡ mộng',https://ngoisao.vnexpress.net/ket-hon-voi-5-anh-chang-hoang-dao-nay-co-the-khien-ban-vo-mong-4583949.html
130,12 cung hoàng đạo: Thứ Tư 22/3,https://ngoisao.vnexpress.net/12-cung-hoang-dao-thu-tu-22-3-4583695.html
131,"Tarot: Chuyện tình giữa bạn và vợ, chồng tương lai phát triển thế nào?",https://ngoisao.vnexpress.net/tarot-chuyen-tinh-giua-ban-va-vo-chong-tuong-lai-phat-trien-the-nao-4581210.html
132,"Quiz: Tại sao trong tình yêu, bạn hay gặp phải kẻ chẳng ra gì?",https://ngoisao.vnexpress.net/quiz-tai-sao-trong-tinh-yeu-ban-hay-gap-phai-ke-chang-ra-gi-4581622.html
133,Điều gì đàn ông 12 cung hoàng đạo nói mà bạn không nên tin?,https://ngoisao.vnexpress.net/dieu-gi-dan-ong-12-cung-hoang-dao-noi-ma-ban-khong-nen-tin-4583507.html
134,"Tarot: Trên thang điểm 10, nửa kia 'chấm' bạn đẹp ở mức nào?",https://ngoisao.vnexpress.net/tarot-tren-thang-diem-10-nua-kia-cham-ban-dep-o-muc-nao-4574035.html
135,12 cung hoàng đạo: Thứ Ba 21/3,https://ngoisao.vnexpress.net/12-cung-hoang-dao-thu-ba-21-3-4581151.html
136,Quiz: Điểm 'khác người' nhất ở bạn là gì?,https://ngoisao.vnexpress.net/quiz-diem-khac-nguoi-nhat-o-ban-la-gi-4581625.html
137,12 cung hoàng đạo: Tuần 20/3 - 26/3,https://ngoisao.vnexpress.net/12-cung-hoang-dao-tuan-20-3-26-3-4581150.html
138,12 cung hoàng đạo: Chủ nhật 19/3,https://ngoisao.vnexpress.net/12-cung-hoang-dao-chu-nhat-19-3-4581149.html
139,Quiz: Thần thái đặc trưng toát ra từ bạn là gì?,https://ngoisao.vnexpress.net/quiz-than-thai-dac-trung-toat-ra-tu-ban-la-gi-4581618.html
140,Tarot: Mọi người thấy bạn đẹp kiểu sắc nét hay dễ thương?,https://ngoisao.vnexpress.net/tarot-moi-nguoi-thay-ban-dep-kieu-sac-net-hay-de-thuong-4581214.html
141,Quiz: Vạch trần những 'góc tối' trong con người bạn,https://ngoisao.vnexpress.net/quiz-vach-tran-nhung-goc-toi-trong-con-nguoi-ban-4581626.html
142,12 cung hoàng đạo: Thứ Bảy 18/3,https://ngoisao.vnexpress.net/12-cung-hoang-dao-thu-bay-18-3-4581147.html
143,Tarot: Những người tán tỉnh bạn có thực sự chân thành?,https://ngoisao.vnexpress.net/tarot-nhung-nguoi-tan-tinh-ban-co-thuc-su-chan-thanh-4581621.html
144,Quiz: Những cuộc tình cũ khiến cuộc sống của bạn thay đổi thế nào?,https://ngoisao.vnexpress.net/quiz-nhung-cuoc-tinh-cu-khien-cuoc-song-cua-ban-thay-doi-the-nao-4578167.html
145,Quiz: Điểm tuyệt nhất và tệ nhất của bạn trong mắt người quen,https://ngoisao.vnexpress.net/quiz-diem-tuyet-nhat-va-te-nhat-cua-ban-trong-mat-nguoi-quen-4581617.html
146,12 cung hoàng đạo: Thứ Sáu 17/3,https://ngoisao.vnexpress.net/12-cung-hoang-dao-thu-sau-17-3-4581154.html
147,Quiz: Bạn đóng vai nào trong cuộc đời của nửa kia?,https://ngoisao.vnexpress.net/quiz-ban-dong-vai-nao-trong-cuoc-doi-cua-nua-kia-4581619.html
148,Tarot: Bạn coi trọng tình yêu hay sự nghiệp hơn?,https://ngoisao.vnexpress.net/tarot-ban-coi-trong-tinh-yeu-hay-su-nghiep-hon-4581213.html
149,Quiz: Cuộc sống của bạn hiện tại tốt hay xấu?,https://ngoisao.vnexpress.net/quiz-cuoc-song-cua-ban-hien-tai-tot-hay-xau-4581212.html
150,12 cung hoàng đạo: Thứ Năm 16/3,https://ngoisao.vnexpress.net/12-cung-hoang-dao-thu-nam-16-3-4581153.html
151,Tarot: Hội con trai nghĩ gì về bạn?,https://ngoisao.vnexpress.net/tarot-hoi-con-trai-nghi-gi-ve-ban-4576074.html
152,Quiz: Người khác thầm ngưỡng mộ điều gì ở bạn?,https://ngoisao.vnexpress.net/quiz-nguoi-khac-tham-nguong-mo-dieu-gi-o-ban-4576083.html
153,Quiz: Khám phá 'gót chân Achilles' của bạn,https://ngoisao.vnexpress.net/quiz-kham-pha-got-chan-achilles-cua-ban-4578169.html
154,12 cung hoàng đạo: Thứ Tư 15/3,https://ngoisao.vnexpress.net/12-cung-hoang-dao-thu-tu-15-3-4578463.html
155,Quiz: Bạn là ai trong suy nghĩ của mọi người?,https://ngoisao.vnexpress.net/quiz-ban-la-ai-trong-suy-nghi-cua-moi-nguoi-4581211.html
156,12 cung hoàng đạo dùng màu gì dễ gặp may mắn?,https://ngoisao.vnexpress.net/12-cung-hoang-dao-dung-mau-gi-de-gap-may-man-4581045.html
157,12 cung hoàng đạo: Thứ Ba 14/3,https://ngoisao.vnexpress.net/12-cung-hoang-dao-thu-ba-14-3-4578204.html
158,Tarot: Bạn hay người cũ đau khổ hơn sau khi chia tay?,https://ngoisao.vnexpress.net/tarot-ban-hay-nguoi-cu-dau-kho-hon-sau-khi-chia-tay-4578199.html
159,"Quiz: Tận sâu đáy lòng, bạn đang che giấu bí mật gì?",https://ngoisao.vnexpress.net/quiz-tan-sau-day-long-ban-dang-che-giau-bi-mat-gi-4578183.html
160,12 cung hoàng đạo: Tuần 13/3 - 19/3,https://ngoisao.vnexpress.net/12-cung-hoang-dao-tuan-13-3-19-3-4578205.html
161,12 cung hoàng đạo: Thứ Hai 13/3,https://ngoisao.vnexpress.net/12-cung-hoang-dao-thu-hai-13-3-4578203.html
162,3 cung hoàng đạo nữ là 'chúa tể ghen tuông',https://ngoisao.vnexpress.net/3-cung-hoang-dao-nu-la-chua-te-ghen-tuong-4578159.html
163,"Tarot: Tình yêu khiến bạn lý trí, tính toán hay khờ dại hơn?",https://ngoisao.vnexpress.net/tarot-tinh-yeu-khien-ban-ly-tri-tinh-toan-hay-kho-dai-hon-4578201.html
164,Quiz: Dáng gương mặt tiết lộ đời sống tình dục của bạn,https://ngoisao.vnexpress.net/quiz-dang-guong-mat-tiet-lo-doi-song-tinh-duc-cua-ban-4576082.html
165,12 cung hoàng đạo: Chủ nhật 12/3,https://ngoisao.vnexpress.net/12-cung-hoang-dao-chu-nhat-12-3-4578210.html
166,4 gã trai hư 'sát gái' nhất hệ hoàng đạo,https://ngoisao.vnexpress.net/4-ga-trai-hu-sat-gai-nhat-he-hoang-dao-4578175.html
167,"Tarot: Ở tuổi trung niên, bạn sẽ phải đối mặt nỗi khổ nào?",https://ngoisao.vnexpress.net/tarot-o-tuoi-trung-nien-ban-se-phai-doi-mat-noi-kho-nao-4578200.html
168,"Tarot: Ở tuổi trung niên, bạn sẽ phải đối mặt nỗi khổ nào?",https://ngoisao.vnexpress.net/tarot-o-tuoi-trung-nien-ban-se-phai-doi-mat-noi-kho-nao-4578200.html
169,Quiz: Đôi môi dự báo 4 điều về số phận của bạn,https://ngoisao.vnexpress.net/quiz-doi-moi-du-bao-4-dieu-ve-so-phan-cua-ban-4576092.html
170,12 cung hoàng đạo: Thứ Sáu 10/3,https://ngoisao.vnexpress.net/12-cung-hoang-dao-thu-sau-10-3-4578208.html
171,Chất riêng của 12 cung hoàng đạo tương ứng với phim kinh dị nổi tiếng nào?,https://ngoisao.vnexpress.net/chat-rieng-cua-12-cung-hoang-dao-tuong-ung-voi-phim-kinh-di-noi-tieng-nao-4578181.html
172,Tarot: Bạn có phải bậc thầy 'ngụy trang cảm xúc'?,https://ngoisao.vnexpress.net/tarot-ban-co-phai-bac-thay-nguy-trang-cam-xuc-4578184.html
173,Quiz: Tỷ lệ khuôn mặt cho biết bạn có 'lộc' ở lĩnh vực nào,https://ngoisao.vnexpress.net/quiz-ty-le-khuon-mat-cho-biet-ban-co-loc-o-linh-vuc-nao-4578170.html
174,12 cung hoàng đạo: Thứ Năm 9/3,https://ngoisao.vnexpress.net/12-cung-hoang-dao-thu-nam-9-3-4578207.html
175,5 cung hoàng đạo 'mỏ hỗn' nhất vũ trụ Chiêm tinh,https://ngoisao.vnexpress.net/5-cung-hoang-dao-mo-hon-nhat-vu-tru-chiem-tinh-4578149.html
176,Tarot: Tình cũ có ghét bỏ hay giận hờn bạn không?,https://ngoisao.vnexpress.net/tarot-tinh-cu-co-ghet-bo-hay-gian-hon-ban-khong-4574044.html
177,Quiz: Bạn cực đoan tới mức nào khi gặp khủng hoảng?,https://ngoisao.vnexpress.net/quiz-ban-cuc-doan-toi-muc-nao-khi-gap-khung-hoang-4576084.html
178,12 cung hoàng đạo: Thứ Tư 8/3,https://ngoisao.vnexpress.net/12-cung-hoang-dao-thu-tu-8-3-4578206.html
179,Tarot: Vì sao bạn chẳng cảm thấy vui vẻ ở hiện tại?,https://ngoisao.vnexpress.net/tarot-vi-sao-ban-chang-cam-thay-vui-ve-o-hien-tai-4578165.html
180,Quiz: Bạn ấm như mùa hạ hay lạnh tựa mùa đông?,https://ngoisao.vnexpress.net/quiz-ban-am-nhu-mua-ha-hay-lanh-tua-mua-dong-4578164.html
181,"Quiz: Bạn là cô nàng truyền thống, cổ điển hay hiện đại?",https://ngoisao.vnexpress.net/quiz-ban-la-co-nang-truyen-thong-co-dien-hay-hien-dai-4578163.html
182,Đàn ông 12 cung hoàng đạo sợ nhất kiểu phụ nữ nào?,https://ngoisao.vnexpress.net/dan-ong-12-cung-hoang-dao-so-nhat-kieu-phu-nu-nao-4578211.html
183,Vận may của bạn tháng 2 (6/3 - 4/4/2023),https://ngoisao.vnexpress.net/van-may-cua-ban-thang-2-6-3-4-4-2023-4577732.html
184,12 cung hoàng đạo: Thứ Ba 7/3,https://ngoisao.vnexpress.net/12-cung-hoang-dao-thu-ba-7-3-4578012.html
185,Tarot: Bạn đã trải qua những chuyện gì ở kiếp trước?,https://ngoisao.vnexpress.net/tarot-ban-da-trai-qua-nhung-chuyen-gi-o-kiep-truoc-4577735.html
186,Quiz: Người khác thích nhất bộ phận nào trên cơ thể bạn?,https://ngoisao.vnexpress.net/quiz-nguoi-khac-thich-nhat-bo-phan-nao-tren-co-the-ban-4576073.html
187,4 cung hoàng đạo dễ bị tiểu nhân hãm hại tại nơi làm việc trong tháng ba,https://ngoisao.vnexpress.net/4-cung-hoang-dao-de-bi-tieu-nhan-ham-hai-tai-noi-lam-viec-trong-thang-ba-4577729.html
188,12 cung hoàng đạo: Tuần 6/3 - 12/3,https://ngoisao.vnexpress.net/12-cung-hoang-dao-tuan-6-3-12-3-4577726.html
189,12 cung hoàng đạo: Thứ Hai 6/3,https://ngoisao.vnexpress.net/12-cung-hoang-dao-thu-hai-6-3-4577660.html
190,Tarot: Người yêu sắp tới sẽ khiến bạn cười hay khóc nhiều hơn?,https://ngoisao.vnexpress.net/tarot-nguoi-yeu-sap-toi-se-khien-ban-cuoi-hay-khoc-nhieu-hon-4574042.html
191,"Quiz: Nếu ở thời phong kiến, bạn sẽ sắm vai gì trong chốn hoàng cung?",https://ngoisao.vnexpress.net/quiz-neu-o-thoi-phong-kien-ban-se-sam-vai-gi-trong-chon-hoang-cung-4576090.html
192,12 cung hoàng đạo: Chủ nhật 5/3,https://ngoisao.vnexpress.net/12-cung-hoang-dao-chu-nhat-5-3-4577374.html
193,Bài Tây: Miêu tả đời sống hôn nhân của bạn,https://ngoisao.vnexpress.net/bai-tay-mieu-ta-doi-song-hon-nhan-cua-ban-4576075.html
194,Quiz: Cuộc sống của bạn trong năm 2023 tràn ngập điều gì?,https://ngoisao.vnexpress.net/quiz-cuoc-song-cua-ban-trong-nam-2023-tran-ngap-dieu-gi-4576088.html
195,Quiz: Người khác giới vấn vương nhất điều gì ở bạn?,https://ngoisao.vnexpress.net/quiz-nguoi-khac-gioi-van-vuong-nhat-dieu-gi-o-ban-4576076.html
196,12 cung hoàng đạo: Thứ Bảy 4/3,https://ngoisao.vnexpress.net/12-cung-hoang-dao-thu-bay-4-3-4574777.html
197,"Tarot: Trong một năm tới, bạn giàu lên hay nghèo đi?",https://ngoisao.vnexpress.net/tarot-trong-mot-nam-toi-ban-giau-len-hay-ngheo-di-4576087.html
198,Quiz: Bạn 'ngon mắt' tới mức độ nào?,https://ngoisao.vnexpress.net/quiz-ban-ngon-mat-toi-muc-do-nao-4576086.html
199,Quiz: Bạn là gì đối với người bạn yêu?,https://ngoisao.vnexpress.net/quiz-ban-la-gi-doi-voi-nguoi-ban-yeu-4576081.html
200,12 cung hoàng đạo: Thứ Sáu 3/3,https://ngoisao.vnexpress.net/12-cung-hoang-dao-thu-sau-3-3-4574776.html
201,Tarot: Vì sao có nhiều người đánh giá thấp bạn?,https://ngoisao.vnexpress.net/tarot-vi-sao-co-nhieu-nguoi-danh-gia-thap-ban-4576079.html
202,Quiz: Bạn vô tình để lại ấn tượng xấu nào khi mới tiếp xúc?,https://ngoisao.vnexpress.net/quiz-ban-vo-tinh-de-lai-an-tuong-xau-nao-khi-moi-tiep-xuc-4576077.html
203,12 cung hoàng đạo: Dự đoán tháng 3,https://ngoisao.vnexpress.net/12-cung-hoang-dao-du-doan-thang-3-4576061.html
204,"5 cung hoàng đạo tình duyên tốt đẹp, đào hoa nở rộ tháng ba",https://ngoisao.vnexpress.net/5-cung-hoang-dao-tinh-duyen-tot-dep-dao-hoa-no-ro-thang-ba-4575858.html
205,12 cung hoàng đạo: Thứ Tư 1/3,https://ngoisao.vnexpress.net/12-cung-hoang-dao-thu-tu-1-3-4574783.html
206,Quiz: Bạn mang nét hấp dẫn bẩm sinh nào?,https://ngoisao.vnexpress.net/quiz-ban-mang-net-hap-dan-bam-sinh-nao-4573574.html
207,"Tarot: Để 'cưa đổ' người ấy, bạn nên sử dụng chiến thuật gì?",https://ngoisao.vnexpress.net/tarot-de-cua-do-nguoi-ay-ban-nen-su-dung-chien-thuat-gi-4573601.html
208,Quiz: Bạn sinh ra để đứng trên sân khấu hay đứng sau cánh gà?,https://ngoisao.vnexpress.net/quiz-ban-sinh-ra-de-dung-tren-san-khau-hay-dung-sau-canh-ga-4573599.html
209,Tarot: Bạn có khả năng kết hôn năm nay không?,https://ngoisao.vnexpress.net/tarot-ban-co-kha-nang-ket-hon-nam-nay-khong-4574041.html
210,12 cung hoàng đạo: Thứ Ba 28/2,https://ngoisao.vnexpress.net/12-cung-hoang-dao-thu-ba-28-2-4574782.html
211,Quiz: Bạn thuộc trường phái ngổ ngáo hay ngọt ngào?,https://ngoisao.vnexpress.net/quiz-ban-thuoc-truong-phai-ngo-ngao-hay-ngot-ngao-4573600.html
212,"5 cung hoàng đạo 'đảm việc nước, giỏi việc nhà'",https://ngoisao.vnexpress.net/5-cung-hoang-dao-dam-viec-nuoc-gioi-viec-nha-4575237.html
213,12 cung hoàng đạo: Tuần 27/2 - 5/3,https://ngoisao.vnexpress.net/12-cung-hoang-dao-tuan-27-2-5-3-4574781.html
214,12 cung hoàng đạo: Thứ Hai 27/2,https://ngoisao.vnexpress.net/12-cung-hoang-dao-thu-hai-27-2-4574780.html
215,Tarot: Đo chỉ số may mắn của bạn trong tháng 3,https://ngoisao.vnexpress.net/tarot-do-chi-so-may-man-cua-ban-trong-thang-3-4574040.html
216,Quiz: Ngoại hình của bạn sẽ thay đổi thế nào trong năm nay?,https://ngoisao.vnexpress.net/quiz-ngoai-hinh-cua-ban-se-thay-doi-the-nao-trong-nam-nay-4573598.html
217,Xem bài Tây: Bạn sống theo chủ nghĩa cá nhân hay cộng đồng?,https://ngoisao.vnexpress.net/xem-bai-tay-ban-song-theo-chu-nghia-ca-nhan-hay-cong-dong-4574043.html
218,12 cung hoàng đạo: Chủ nhật 26/2,https://ngoisao.vnexpress.net/12-cung-hoang-dao-chu-nhat-26-2-4574785.html
219,Quiz: Những người từng hẹn hò thích nhất điểm gì ở bạn?,https://ngoisao.vnexpress.net/quiz-nhung-nguoi-tung-hen-ho-thich-nhat-diem-gi-o-ban-4573597.html
220,Quiz: Bạn đóng vai thợ săn hay con mồi trên chiến trường tình ái?,https://ngoisao.vnexpress.net/quiz-ban-dong-vai-tho-san-hay-con-moi-tren-chien-truong-tinh-ai-4573596.html
221,12 cung hoàng đạo: Thứ Bảy 25/2,https://ngoisao.vnexpress.net/12-cung-hoang-dao-thu-bay-25-2-4571878.html
222,Tarot: Sự nghiệp của bạn rực rỡ ở thời trẻ hay già?,https://ngoisao.vnexpress.net/tarot-su-nghiep-cua-ban-ruc-ro-o-thoi-tre-hay-gia-4574039.html
223,Quiz: Bạn có tướng làm lãnh đạo không?,https://ngoisao.vnexpress.net/quiz-ban-co-tuong-lam-lanh-dao-khong-4574190.html
224,"Quiz: Sáu tháng tới, liệu bạn sẽ nhận được lời tỏ tình từ ai?",https://ngoisao.vnexpress.net/quiz-sau-thang-toi-lieu-ban-se-nhan-duoc-loi-to-tinh-tu-ai-4573571.html
225,12 cung hoàng đạo: Thứ Sáu 24/2,https://ngoisao.vnexpress.net/12-cung-hoang-dao-thu-sau-24-2-4571883.html
226,Xem bài Tây: Tình đầu còn vương vấn bạn không?,https://ngoisao.vnexpress.net/xem-bai-tay-tinh-dau-con-vuong-van-ban-khong-4574038.html
227,"Quiz: Nghĩ về bạn, người ta liên tưởng ngay tới điều gì?",https://ngoisao.vnexpress.net/quiz-nghi-ve-ban-nguoi-ta-lien-tuong-ngay-toi-dieu-gi-4573595.html
228,Quiz: Chuyện gì sắp đến khiến bạn vui?,https://ngoisao.vnexpress.net/quiz-chuyen-gi-sap-den-khien-ban-vui-4573594.html
229,12 cung hoàng đạo: Thứ Năm 23/2,https://ngoisao.vnexpress.net/12-cung-hoang-dao-thu-nam-23-2-4571882.html
230,Tarot: Bạn mang cốt cách và dáng vẻ của loài hoa nào?,https://ngoisao.vnexpress.net/tarot-ban-mang-cot-cach-va-dang-ve-cua-loai-hoa-nao-4573602.html
231,Quiz: Bạn được ban tặng trí thông minh bẩm sinh nào?,https://ngoisao.vnexpress.net/quiz-ban-duoc-ban-tang-tri-thong-minh-bam-sinh-nao-4573579.html
232,Quiz: Nỗi đau nào vẫn khiến bạn nhức nhối?,https://ngoisao.vnexpress.net/quiz-noi-dau-nao-van-khien-ban-nhuc-nhoi-4569549.html
233,Tarot: Ai đang cất giữ hình bóng của bạn trong tim mãi mãi?,https://ngoisao.vnexpress.net/tarot-ai-dang-cat-giu-hinh-bong-cua-ban-trong-tim-mai-mai-4573138.html
234,Tarot: Bạn sẽ khổ 'lên bờ xuống ruộng' nếu yêu phải kiểu người nào?,https://ngoisao.vnexpress.net/tarot-ban-se-kho-len-bo-xuong-ruong-neu-yeu-phai-kieu-nguoi-nao-4569565.html
235,12 cung hoàng đạo: Thứ Ba 21/2,https://ngoisao.vnexpress.net/12-cung-hoang-dao-thu-ba-21-2-4571879.html
236,"Quiz: Trong năm nay, bạn có khoản tiền bất ngờ nào không?",https://ngoisao.vnexpress.net/quiz-trong-nam-nay-ban-co-khoan-tien-bat-ngo-nao-khong-4569555.html
237,Quiz: Bạn tỏa ra nguồn năng lượng gì?,https://ngoisao.vnexpress.net/quiz-ban-toa-ra-nguon-nang-luong-gi-4569556.html
238,12 cung hoàng đạo: Tuần 20/2 - 26/2,https://ngoisao.vnexpress.net/12-cung-hoang-dao-tuan-20-2-26-2-4571887.html
239,4 cung hoàng đạo nhìn có vẻ hiền lành nhưng lòng dạ khó lường,https://ngoisao.vnexpress.net/4-cung-hoang-dao-nhin-co-ve-hien-lanh-nhung-long-da-kho-luong-4572700.html
240,12 cung hoàng đạo: Thứ Hai 20/2,https://ngoisao.vnexpress.net/12-cung-hoang-dao-thu-hai-20-2-4571885.html
241,Tarot: Người ấy có thật lòng yêu bạn?,https://ngoisao.vnexpress.net/tarot-nguoi-ay-co-that-long-yeu-ban-4569562.html
242,Quiz: Bạn giao tiếp với thế giới này theo cách nào?,https://ngoisao.vnexpress.net/quiz-ban-giao-tiep-voi-the-gioi-nay-theo-cach-nao-4569554.html
243,12 cung hoàng đạo: Chủ nhật 19/2,https://ngoisao.vnexpress.net/12-cung-hoang-dao-chu-nhat-19-2-4571886.html
244,Quiz: Bạn thiên về não trái hay não phải?,https://ngoisao.vnexpress.net/quiz-ban-thien-ve-nao-trai-hay-nao-phai-4570484.html
245,"Tarot: Kiếp trước, bạn có bao nhiêu món nợ tình cảm?",https://ngoisao.vnexpress.net/tarot-kiep-truoc-ban-co-bao-nhieu-mon-no-tinh-cam-4569550.html
246,Quiz: Bạn là người tiêu cực hay lạc quan?,https://ngoisao.vnexpress.net/quiz-ban-la-nguoi-tieu-cuc-hay-lac-quan-4570493.html
247,"Tarot: Nếu theo đuổi đam mê, liệu thành công có theo đuổi bạn?",https://ngoisao.vnexpress.net/tarot-neu-theo-duoi-dam-me-lieu-thanh-cong-co-theo-duoi-ban-4569560.html
248,12 cung hoàng đạo: Thứ Bảy 18/2,https://ngoisao.vnexpress.net/12-cung-hoang-dao-thu-bay-18-2-4571884.html
249,Quiz: Bật mí 3 bí mật lớn về con người bạn,https://ngoisao.vnexpress.net/quiz-bat-mi-3-bi-mat-lon-ve-con-nguoi-ban-4570492.html
250,Quiz: Màu tóc nhuộm tố cáo bản chất thật của bạn,https://ngoisao.vnexpress.net/quiz-mau-toc-nhuom-to-cao-ban-chat-that-cua-ban-4570491.html
251,Tarot: Năm 2023 của bạn sẽ rực rỡ hay ảm đạm?,https://ngoisao.vnexpress.net/tarot-nam-2023-cua-ban-se-ruc-ro-hay-am-dam-4569568.html
252,12 cung hoàng đạo: Thứ Sáu 17/2,https://ngoisao.vnexpress.net/12-cung-hoang-dao-thu-sau-17-2-4568190.html
253,Quiz: Màu sắc phong thuỷ đem lại vượng khí cho bạn năm nay,https://ngoisao.vnexpress.net/quiz-mau-sac-phong-thuy-dem-lai-vuong-khi-cho-ban-nam-nay-4570490.html
254,Quiz: Bạn đang phải chịu loại áp lực nào?,https://ngoisao.vnexpress.net/quiz-ban-dang-phai-chiu-loai-ap-luc-nao-4570489.html
255,Tarot: Bạn nên tiếp tục hay từ bỏ tình yêu đơn phương này?,https://ngoisao.vnexpress.net/tarot-ban-nen-tiep-tuc-hay-tu-bo-tinh-yeu-don-phuong-nay-4569564.html
256,12 cung hoàng đạo: Thứ Năm 16/2,https://ngoisao.vnexpress.net/12-cung-hoang-dao-thu-nam-16-2-4568192.html
257,Quiz: Số bạn có phải càng già càng giàu không?,https://ngoisao.vnexpress.net/quiz-so-ban-co-phai-cang-gia-cang-giau-khong-4570488.html
258,Quiz: Thông điệp gửi tới bạn trong năm 2023,https://ngoisao.vnexpress.net/quiz-thong-diep-gui-toi-ban-trong-nam-2023-4569551.html
259,Quiz: Tâm ma ẩn giấu trong bạn lớn tới cỡ nào?,https://ngoisao.vnexpress.net/quiz-tam-ma-an-giau-trong-ban-lon-toi-co-nao-4570486.html
260,12 cung hoàng đạo: Thứ Tư 15/2,https://ngoisao.vnexpress.net/12-cung-hoang-dao-thu-tu-15-2-4568193.html
261,Tarot: Bạn có nhiều hay ít kẻ thù?,https://ngoisao.vnexpress.net/tarot-ban-co-nhieu-hay-it-ke-thu-4569559.html
262,Quiz: Bờ môi nói gì về bản ngã của bạn trong tình yêu?,https://ngoisao.vnexpress.net/quiz-bo-moi-noi-gi-ve-ban-nga-cua-ban-trong-tinh-yeu-4569552.html
263,"Ba con giáp làm ít, hưởng nhiều năm nay",https://ngoisao.vnexpress.net/ba-con-giap-lam-it-huong-nhieu-nam-nay-4570385.html
264,Tarot: Ai đang đặt bạn vào tầm ngắm của họ?,https://ngoisao.vnexpress.net/tarot-ai-dang-dat-ban-vao-tam-ngam-cua-ho-4567846.html
265,12 cung hoàng đạo: Thứ Ba 14/2,https://ngoisao.vnexpress.net/12-cung-hoang-dao-thu-ba-14-2-4568196.html
266,Tarot: Bạn nên lấy người chênh lệch bao nhiêu tuổi so với mình?,https://ngoisao.vnexpress.net/tarot-ban-nen-lay-nguoi-chenh-lech-bao-nhieu-tuoi-so-voi-minh-4567840.html
267,"Quiz: Trong tình yêu, bạn chín chắn hay trẻ trâu?",https://ngoisao.vnexpress.net/quiz-trong-tinh-yeu-ban-chin-chan-hay-tre-trau-4569558.html
268,"Quiz: Bạn là ai, người khác ấn tượng gì về bạn?",https://ngoisao.vnexpress.net/quiz-ban-la-ai-nguoi-khac-an-tuong-gi-ve-ban-4567844.html
269,12 cung hoàng đạo: Chủ nhật 12/2,https://ngoisao.vnexpress.net/12-cung-hoang-dao-chu-nhat-12-2-4568197.html
270,Xem bài Tây: Bạn dễ rơi vào bi kịch tình yêu nào?,https://ngoisao.vnexpress.net/xem-bai-tay-ban-de-roi-vao-bi-kich-tinh-yeu-nao-4567866.html
271,"Trắc nghiệm: Vào năm 2023, bạn sẽ tiêu nhiều tiền nhất vào việc gì?",https://ngoisao.vnexpress.net/trac-nghiem-vao-nam-2023-ban-se-tieu-nhieu-tien-nhat-vao-viec-gi-4567865.html
272,"Quiz: Mọi người có nghĩ bạn đào hoa, nhiều người theo đuổi không?",https://ngoisao.vnexpress.net/quiz-moi-nguoi-co-nghi-ban-dao-hoa-nhieu-nguoi-theo-duoi-khong-4567848.html
273,12 cung hoàng đạo: Thứ Bảy 11/2,https://ngoisao.vnexpress.net/12-cung-hoang-dao-thu-bay-11-2-4568194.html
274,Tarot: Điểm nhấn của cuộc đời bạn trong năm 2023 là gì?,https://ngoisao.vnexpress.net/tarot-diem-nhan-cua-cuoc-doi-ban-trong-nam-2023-la-gi-4561971.html
275,"Quiz: Trong mắt đàn ông, bạn đẹp gợi cảm, tri thức hay duyên dáng?",https://ngoisao.vnexpress.net/quiz-trong-mat-dan-ong-ban-dep-goi-cam-tri-thuc-hay-duyen-dang-4567864.html
276,Quiz: Chỉ số thông minh cảm xúc của bạn cao hay thấp?,https://ngoisao.vnexpress.net/quiz-chi-so-thong-minh-cam-xuc-cua-ban-cao-hay-thap-4567872.html
277,12 cung hoàng đạo: Thứ Sáu 10/2,https://ngoisao.vnexpress.net/12-cung-hoang-dao-thu-sau-10-2-4568199.html
278,"Tarot: Bạn hoang dã, nổi loạn hay nguyên tắc, ổn định?",https://ngoisao.vnexpress.net/tarot-ban-hoang-da-noi-loan-hay-nguyen-tac-on-dinh-4561968.html
279,Quiz: Người ấy thấy bạn ngon như loại socola Valentine nào?,https://ngoisao.vnexpress.net/quiz-nguoi-ay-thay-ban-ngon-nhu-loai-socola-valentine-nao-4567871.html
280,"4 con giáp kiếm ít, tiêu nhiều",https://ngoisao.vnexpress.net/4-con-giap-kiem-it-tieu-nhieu-4568548.html
281,12 cung hoàng đạo: Thứ Năm 9/2,https://ngoisao.vnexpress.net/12-cung-hoang-dao-thu-nam-9-2-4565475.html
282,Tarot: Thứ duy nhất có thể 'chữa lành' cho bạn hiện tại là gì?,https://ngoisao.vnexpress.net/tarot-thu-duy-nhat-co-the-chua-lanh-cho-ban-hien-tai-la-gi-4567842.html
283,Quiz: Người như thế nào có thể chịu đựng được bạn cả đời?,https://ngoisao.vnexpress.net/quiz-nguoi-nhu-the-nao-co-the-chiu-dung-duoc-ban-ca-doi-4567863.html
284,"Quiz: Gặp người mình thích, bạn trở nên như thế nào?",https://ngoisao.vnexpress.net/quiz-gap-nguoi-minh-thich-ban-tro-nen-nhu-the-nao-4567870.html
285,Quiz: Lột trần tâm tính con người bạn qua một tư thế đơn giản,https://ngoisao.vnexpress.net/quiz-lot-tran-tam-tinh-con-nguoi-ban-qua-mot-tu-the-don-gian-4567849.html
286,12 cung hoàng đạo: Thứ Tư 8/2,https://ngoisao.vnexpress.net/12-cung-hoang-dao-thu-tu-8-2-4565476.html
287,"5 con giáp khổ trước, sướng sau",https://ngoisao.vnexpress.net/5-con-giap-kho-truoc-suong-sau-4567660.html
288,"Xem bài Tây: Bạn có số làm tiểu phú, trung phú hay đại phú?",https://ngoisao.vnexpress.net/xem-bai-tay-ban-co-so-lam-tieu-phu-trung-phu-hay-dai-phu-4561966.html
289,12 cung hoàng đạo: Thứ Ba 7/2,https://ngoisao.vnexpress.net/12-cung-hoang-dao-thu-ba-7-2-4565473.html
290,Quiz: Bạn là màu gì?,https://ngoisao.vnexpress.net/quiz-ban-la-mau-gi-4567304.html
291,"Quiz: Tại sao nhiều người thấy bạn thú vị, hay ho?",https://ngoisao.vnexpress.net/quiz-tai-sao-nhieu-nguoi-thay-ban-thu-vi-hay-ho-4567292.html
292,12 cung hoàng đạo: Tuần 6/2 - 12/2,https://ngoisao.vnexpress.net/12-cung-hoang-dao-tuan-6-2-12-2-4565472.html
293,12 cung hoàng đạo: Thứ Hai 6/2,https://ngoisao.vnexpress.net/12-cung-hoang-dao-thu-hai-6-2-4565479.html
294,Tarot: Năm nay đem lại cho bạn nhiều nụ cười hay nước mắt hơn?,https://ngoisao.vnexpress.net/tarot-nam-nay-dem-lai-cho-ban-nhieu-nu-cuoi-hay-nuoc-mat-hon-4561970.html
295,Quiz: Vũ trụ đã giao cho bạn nhiệm vụ cao cả nào?,https://ngoisao.vnexpress.net/quiz-vu-tru-da-giao-cho-ban-nhiem-vu-cao-ca-nao-4566884.html
296,Quiz: Bạn sẽ yêu bao nhiêu người trong năm 2023?,https://ngoisao.vnexpress.net/quiz-ban-se-yeu-bao-nhieu-nguoi-trong-nam-2023-4565498.html
297,12 cung hoàng đạo: Chủ nhật 5/2,https://ngoisao.vnexpress.net/12-cung-hoang-dao-chu-nhat-5-2-4565480.html
298,12 cung hoàng đạo: Thứ Bảy 4/2,https://ngoisao.vnexpress.net/12-cung-hoang-dao-thu-bay-4-2-4565474.html
299,Thần số học: Bạn đại diện cho lá bài Tarot nào?,https://ngoisao.vnexpress.net/than-so-hoc-ban-dai-dien-cho-la-bai-tarot-nao-4566360.html
300,"Quiz: Tính đến hiện tại, điều gì khiến bạn nuối tiếc nhất?",https://ngoisao.vnexpress.net/quiz-tinh-den-hien-tai-dieu-gi-khien-ban-nuoi-tiec-nhat-4565497.html
301,12 cung hoàng đạo: Thứ Sáu 3/2,https://ngoisao.vnexpress.net/12-cung-hoang-dao-thu-sau-3-2-4565478.html
302,Quiz: Bạn mang lại cảm giác tích cực nào cho người yêu?,https://ngoisao.vnexpress.net/quiz-ban-mang-lai-cam-giac-tich-cuc-nao-cho-nguoi-yeu-4565501.html
303,Tarot: Bước ngoặt trọng đại nào đến với bạn trong 5 năm tới?,https://ngoisao.vnexpress.net/tarot-buoc-ngoat-trong-dai-nao-den-voi-ban-trong-5-nam-toi-4565496.html
304,Quiz: Điểm mù trong tình yêu của bạn là gì?,https://ngoisao.vnexpress.net/quiz-diem-mu-trong-tinh-yeu-cua-ban-la-gi-4565500.html
305,12 cung hoàng đạo: Thứ Năm 2/2,https://ngoisao.vnexpress.net/12-cung-hoang-dao-thu-nam-2-2-4565481.html
306,"Quiz: Năm nay, bạn có khả năng hẹn hò với trai đẹp không?",https://ngoisao.vnexpress.net/quiz-nam-nay-ban-co-kha-nang-hen-ho-voi-trai-dep-khong-4565504.html
307,Những cung hoàng đạo là khắc tinh của đời nhau,https://ngoisao.vnexpress.net/nhung-cung-hoang-dao-la-khac-tinh-cua-doi-nhau-4565486.html
308,12 cung hoàng đạo: Dự đoán tháng 2,https://ngoisao.vnexpress.net/12-cung-hoang-dao-du-doan-thang-2-4565477.html
309,12 cung hoàng đạo: Thứ Tư 1/2,https://ngoisao.vnexpress.net/12-cung-hoang-dao-thu-tu-1-2-4564432.html
310,Quiz: Vận đào hoa của bạn trong nửa đầu năm mạnh hay yếu?,https://ngoisao.vnexpress.net/quiz-van-dao-hoa-cua-ban-trong-nua-dau-nam-manh-hay-yeu-4565030.html
311,"Quiz: Trong lòng người ấy, bạn chiếm vị trí như thế nào?",https://ngoisao.vnexpress.net/quiz-trong-long-nguoi-ay-ban-chiem-vi-tri-nhu-the-nao-4564711.html
312,5 con giáp luôn khiến vợ lo ngay ngáy vì đào hoa,https://ngoisao.vnexpress.net/5-con-giap-luon-khien-vo-lo-ngay-ngay-vi-dao-hoa-4565011.html
313,12 cung hoàng đạo: Thứ Ba 31/1,https://ngoisao.vnexpress.net/12-cung-hoang-dao-thu-ba-31-1-4564669.html
314,"Xem bài Tây: Ở giai đoạn nào, bạn sẽ bị tình yêu 'hành' tơi tả?",https://ngoisao.vnexpress.net/xem-bai-tay-o-giai-doan-nao-ban-se-bi-tinh-yeu-hanh-toi-ta-4561053.html
315,Quiz: Bạn sẽ kết hôn bao nhiêu lần?,https://ngoisao.vnexpress.net/quiz-ban-se-ket-hon-bao-nhieu-lan-4561957.html
316,12 cung hoàng đạo: Tuần 30/1-5/2,https://ngoisao.vnexpress.net/12-cung-hoang-dao-tuan-30-1-5-2-4564670.html
317,12 cung hoàng đạo: Thứ Hai 30/1,https://ngoisao.vnexpress.net/12-cung-hoang-dao-thu-hai-30-1-4564431.html
318,Tarot: Thần tình yêu muốn khuyên bạn điều gì ngay lúc này?,https://ngoisao.vnexpress.net/tarot-than-tinh-yeu-muon-khuyen-ban-dieu-gi-ngay-luc-nay-4564410.html
319,Quiz: Bạn an phận thủ thường hay tham vọng đầy mình?,https://ngoisao.vnexpress.net/quiz-ban-an-phan-thu-thuong-hay-tham-vong-day-minh-4555701.html
320,12 cung hoàng đạo: Chủ nhật 29/1,https://ngoisao.vnexpress.net/12-cung-hoang-dao-chu-nhat-29-1-4564163.html
321,Quiz: Loại cám dỗ nào khiến bạn khó có thể kháng cự lại?,https://ngoisao.vnexpress.net/quiz-loai-cam-do-nao-khien-ban-kho-co-the-khang-cu-lai-4559400.html
322,Quiz: Điều gì ở bạn dễ gây thương nhớ cho người khác?,https://ngoisao.vnexpress.net/quiz-dieu-gi-o-ban-de-gay-thuong-nho-cho-nguoi-khac-4561055.html
323,12 cung hoàng đạo: Thứ Bảy 28/1,https://ngoisao.vnexpress.net/12-cung-hoang-dao-thu-bay-28-1-4559294.html
324,"Tarot: Nếu kết hôn, gia đình nhà chồng đối xử với bạn thế nào?",https://ngoisao.vnexpress.net/tarot-neu-ket-hon-gia-dinh-nha-chong-doi-xu-voi-ban-the-nao-4561972.html
325,Quiz: Bạn thân nghĩ gì về bạn?,https://ngoisao.vnexpress.net/quiz-ban-than-nghi-gi-ve-ban-4561956.html
326,12 cung hoàng đạo: Thứ Sáu 27/1,https://ngoisao.vnexpress.net/12-cung-hoang-dao-thu-sau-27-1-4561868.html
327,Xem bài Tây: Bạn có phải chịu cảnh cô độc suốt phần đời còn lại không?,https://ngoisao.vnexpress.net/xem-bai-tay-ban-co-phai-chiu-canh-co-doc-suot-phan-doi-con-lai-khong-4559398.html
